ソニー PLLシンセサイザーラジオ SRF-R356,SRF-R356,200000,0
ソニー AUX CDラジカセ CFD-S70 W,CFD-S70,200000,0
ソニー ブルーレイプレーヤー UBP-X700/K,UBP-X700,200000,0
ソニー ヘッドホンケーブル MUC-S12NB1,MUC-S12NB1,200000,0
ソニー ステレオアンプ STR-DH190,STR-DH190,200000,0
ソニー ステレオICレコーダー ICD-TX660 16GB 軽量,ICD-TX660,200000,0
ソニー 1TB 2チューナー ブルーレイレコーダー BDZ-ZW1800 長時間録画/W録画対応(2021年モデル),BDZ-ZW1800,200000,0
イヤホン WF-1000XM5,WF-1000XM5,200000,0
Amazon.co.jp: ソニー(SONY) ウォークマン 32GB A300シリーズ NW-A306 : ワイヤレスでも ハイレゾワイヤレス/ストリーミング対応/LDAC・aptX (TM) HDコーデック対応/MP3プレーヤー / bluetooth/android搭載/microSD対応 タッチパネル搭載 最大36時間連続再生 360 Reality Audio再生可能モデル ブラック NW-A306 BC,NW-A306,200000,0
Amazon.co.jp: ソニー(SONY) お手元テレビスピーカー かんたん操作/防滴対応 / 「声」専用スピーカー搭載 テレビリモコン一体型 2020年モデル SRS-LSR200,SRS-LSR200,200000,0
ソニー グラスサウンドスピーカー LSPX-S3,LSPX-S3,200000,0
ソニー ウェアラブルネックスピーカー SRS-WS1,SRS-WS1,200000,0
ソニー(SONY) サウンドバー HT-S100F,HT-S100F,200000,0
ソニー(SONY) サウンドバー HT-A3000,HT-A3000,200000,0
ソニー(SONY) ワイヤレスネックバンドスピーカー,HT-AN7,200000,0
ソニー(SONY) カメラ用バッテリーACC-TRW,ACC-TRW,200000,0
SONY ステレオヘッドホン MDR-7506 並行輸入品,MDR-7506,200000,0
ソニー INZONE Buds WF-G700N ゲーミングイヤホン 完全ワイヤレス,WF-G700N,200000,0
ソニー(SONY) WF-C710N ブラック ワイヤレスイヤホン 高性能ノイズキャンセリング Bluetoothロングバッテリー 外音取り込み IPX4防滴性能 軽量 コンパクト マルチポイント接続,WF-C710N,200000,0
ソニー WF-C700N 完全ワイヤレスイヤホン,WF-C700N,200000,0
Amazon.co.jp: ソニー(SONY) 完全ワイヤレスイヤホン WF-C510 / 軽量小型4.6g / 高精度通話品質/外音取り込み対応/マルチポイント対応 / IPX4防滴性能 / ブラック/WF-C510 BC,WF-C510,200000,0
Amazon.co.jp: ソニー(SONY) 完全ワイヤレスイヤホン WF-C500 : /軽量小型5.4g/高精度通話品質/簡単ペアリング/IPX4防滴性能/ブラック WF-C500 BZ : 楽器・音響機器,WF-C500,200000,0
Amazon.co.jp: ソニー(SONY) WF-1000XM6 ブラック ワイヤレスイヤホン Bluetooth ハイレゾ 世界最高クラスノイズキャンセリング 外音取り込み 高性能マイク 通話品質 LDAC IPX4防滴 マルチポイント ロングバッテリー WF-1000XM6 BZ,WF-1000XM6,200000,0
Amazon.co.jp: ソニー ゲーミングヘッドセット INZONE H5: WH-G500: モンスターハンターワイルズ推奨音質 / Fnatic監修 / ワイヤレス / 低遅延 / 有線接続ケーブル同梱 / 立体音響 / 軽量設計 約260g / 最大28時間バッテリー / 急速充電 / 長時間使用しても疲れづらい / ブームマイク付き / Perfect for PlayStation5 PS5 ブラック,WH-G500,200000,0
ソニー(SONY) ワイヤレスノイズキャンセリングヘッドホン WH-CH720N,WH-CH720N,200000,0
Amazon.co.jp: ソニー ゲーミングヘッドセット INZONE H9: WH-G900N: ワイヤレス / Bluetooth / ノイキャン搭載 / 立体音響 / 低遅延 / 長時間使用しても疲れづらい / ブームマイク付き / Perfect for PlayStation5 PS5 ブラック,WH-G900N,200000,0
Amazon.co.jp: ソニー ゲーミングヘッドセット INZONE H3 MDR-G300: 有線 / 立体音響 / 低遅延 / 長時間使用しても疲れづらい / ブームマイク付き / PS5 Switch / テレワークでも使える / EVO Japan 2023公式競技ギア / ホワイト,MDR-G300,200000,0
ソニー(SONY) ワイヤレスノイズキャンセリングヘッドホン WH-1000XM4 : LDAC/Amazon Alexa搭載/Bluetooth/ハイレゾ 最大30時間連続再生 密閉型 マイク付 2020年モデル 360 Reality Audio認定モデル ブラック WH-1000XM4 BM,WH-1000XM4,200000,0
ソニー LinkBuds Fit WF-LS910N ワイヤレス ノイズキャンセリング イヤホン,WF-LS910N,200000,0
ソニー LinkBuds S WF-LS900N ワイヤレスノイズキャンセリングステレオイヤホン,WF-LS900N,200000,0
ソニー LinkBuds Open WF-L910 Bluetooth ワイヤレスイヤホン オープンイヤー,WF-L910,200000,0
Amazon.co.jp: ソニー(SONY) LinkBuds :完全ワイヤレスイヤホン/小型軽量4.1グラム/フルオープンスタイルで常時装着可能/マイク通話性能/12mmドライバ/連続5.5時間再生/10分充電90分再生/IPX4防滴性能/操作性/Sound AR対応/グレー WF-L900 HM : 楽器・音響機器,WF-L900,200000,0
PlayStation Vita Wi-Fiモデル ブラック (PCH-2000ZA11),PCH-2000ZA11,200000,0
ソニー ウォークマン Sシリーズ 16GB NW-S315K : MP3プレーヤー Bluetooth対応 最大52時間連続再生 イヤホン/スピーカー付属 2017年モデル ブラック NW-S315K B,NW-S315K,200000,0
PlayStation Vita Wi-Fiモデル グレイシャー・ホワイト(PCH-2000ZA22),PCH-2000ZA22,200000,0
PlayStation Vita Wi-Fiモデル メタリック・レッド (PCH-2000ZA26),PCH-2000ZA26,200000,0
Amazon | ソニー ブルーレイプレーヤー/DVDプレーヤー 2025年モデル コンパクト スタンダードモデル BDP-S1700/K,BDP-S1700,200000,0
Amazon | PSP「プレイステーション・ポータブル」 ラディアント・レッド (PSP-3000RR) | ゲーム機本体,PSP-3000RR,200000,0
Amazon | PSP「プレイステーション・ポータブル」 ブロッサム・ピンク (PSP-3000ZP) | ゲーム機本体,PSP-3000ZP,200000,0
SONY(ソニー) カメラ用マイク ショットガンマイクロホン 可変指向性 ウインドスクリーン付属 ECM-B10,ECM-B10,200000,0
SONY(ソニー) ソニー/カメラ用マイク/ショットガンマイクロホン/可変指向性/ウインドスクリーン付属/ECM-B1M,ECM-B1M,200000,0
ソニー ワイヤレスポータブルスピーカー SRS-XB33 : 防水/防塵/防錆/Bluetooth/重低音モデル/マイク付き/ライティング機能搭載 / 最大24時間連続再生 2020年モデル / ブラック SRS-XB33 B,SRS-XB33,200000,0
SONY(ソニー) カメラ用マイク ショットガンマイクロホン 前方指向性 ウインドスクリーン付属 ECM-G1,ECM-G1,200000,0
Sony ICレコーダー ICD-UX575F B 16GB 薄型・軽量,ICD-UX575F,200000,0
Amazon.co.jp: ソニー(SONY) カメラ用バッテリー+チャージャーセット ACC-TRW(Wバッテリー用),ACC-TRW,200000,0
Amazon | プレイステーション2本体SCPH-15000,SCPH-15000,200000,0
Amazon | PlayStation 3 250GB チャコール・ブラック (CECH-4000B),CECH-4000B,200000,0
PlayStation3 チャコール・ブラック 500GB (CECH4300C) 【Amazon.co.jp限定】特典アンサー PS3用 HDMIケーブル2.0M付,CECH4300C,200000,0
ソニー 1TB 2チューナー ブルーレイレコーダー BDZ-ZW1800 長時間録画/W録画対応(2021年モデル),BDZ-ZW1800,200000,0
Amazon.co.jp: ソニー ウォークマン 16GB Aシリーズ NW-A105 : ハイレゾ対応 / MP3プレーヤー / bluetooth / android搭載 / microSD対応 タッチパネル搭載 最大26時間連続再生 360 Reality Audio再生可能モデル ブラック NW-A105 BM,NW-A105,200000,0
Amazon.co.jp: ソニー ウォークマン 32GB Aシリーズ NW-A106 : ハイレゾ対応 / MP3プレーヤー / bluetooth / android搭載 / microSD対応 タッチパネル搭載 最大26時間連続再生 360 Reality Audio再生可能モデル ブラック NW-A106 BM,NW-A106,200000,0
SONY(ソニー) MCプロテクター 82mm VF-82MPAM | 保護フィルター 通販,VF-82MPAM,200000,0
Amazon.co.jp: ソニー SONY ウォークマン Sシリーズ NW-S14 : 8GB Bluetooth対応 イヤホン付属 2014年モデル ブルー NW-S14 L,NW-S14,200000,0
PlayStation Vita (プレイステーション ヴィータ) Wi‐Fiモデル クリスタル・ホワイト (PCH-1000 ZA02),PCH-1000 ZA02,200000,0
ソニー(SONY) マウントアダプター LA-EA4,LA-EA4,200000,0
ソニー 赤外線 CDラジオカセットレコーダー CFD-S401 : FM/AM/ワイドFM対応 大型液晶/カラオケ機能搭載 電池駆動可能 ホワイト CFD-S401 W,CFD-S401,200000,0
ソニー ウォークマン Aシリーズ 16GB NW-A35 : Bluetooth/microSD/ハイレゾ対応 シナバーレッド NW-A35 R,NW-A35,200000,0
【動画・連写に】ソニー CFexpress Type Aメモリーカード CEA-G160T TOUGH 160GB(ILCE-1/FX6/FX3/ILCE-7SM3/ILCE-7M4対応),CEA-G160T,200000,0
防水 IP67/広いリスニングエリア/ハンズフリー通話/ロングバッテリー 24時間/SRS-XE300 BC ブラック,SRS-XE300,200000,0
ソニー メモリーカードレコーダー SDカード対応/SDカード(8GB)付属 ICD-LX31,ICD-LX31,200000,0
Amazon.co.jp: シャープ 空気清浄機 兼 除湿機 除湿 プラズマクラスター 7000 除湿 12L 空気清浄 15畳 ホワイト CV-EF120-W,CV-EF120-W,200000,0
Amazon | シャープ 炊飯器 KS-CF05B-B 3合 一人暮らし マイコン パン調理機能 ブラック,KS-CF05B-B,200000,0
シャープ 炊飯器 KS-CF05B-W 3合 一人暮らし マイコン パン調理機能 ホワイト,KS-CF05B-W,200000,0
シャープ 炊飯器 5.5合 黒厚釜 球面炊き シルバー KS-S10J-S,KS-S10J-S,200000,0
Amazon.co.jp: シャープ 空気清浄機 FU-S50-W プラズマクラスター 7000 おすすめ畳数 14畳 スピード循環気流,FU-S50-W,200000,0
【Amazon.co.jp限定】 シャープ 空気清浄機 KC-S50W-W プラズマクラスター 7000 浮遊ウィルス 花粉 空気浄化 畳数 13畳,KC-S50W-W,200000,0
Amazon | 【純正品】シャープ シンプル コードレス 電話機 JD-G33CL 見やすい液晶 迷惑電話防止機能付 パーソナルタイプ 子機1台 ホワイト系,JD-G33CL,200000,0
Amazon | シャープ 過熱水蒸気 オーブンレンジ 31L コンベクション 2段調理 ホワイト RE-SS10-XW,RE-SS10-XW,200000,0
シャープ23Lオーブンレンジ ホワイト RE-WF232-W,RE-WF232,200000,0
Amazon | シャープ(SHARP) 32V型 ハイビジョン 液晶 テレビ アクオス 2T-C32EF1 ネット動画対応 Android TV Dolby Audio対応,2T-C32EF1,200000,0
Amazon | シャープ 液晶テレビ 2T-C19GE1 AQUOS 19V型 ハイビジョン,2T-C19GE1,200000,0
シャープ 掃除機 EC-CT12-C サイクロン キャニスター コード式 パワフル 吸込仕事率 450W お手入れ簡単 ベージュ,EC-CT12-C,200000,0
Amazon.co.jp: シャープ 空気清浄機 KI-SS50-W プラズマクラスター 25000 加湿 浮遊・付着ウィルス 花粉 空気浄化 薄型スリム おすすめ畳数 13畳 加湿量 600mL/h,KI-SS50,200000,0
シャープ プラズマクラスター イオン発生機 車載用 カップ型 高濃度 25000 消臭 ブラック IG-KC15-BB,IG-KC15-BB,200000,0
シャープ ブルーレイディスクレコーダー 2B-C10GW1 AQUOS ブルーレイ ダブルチューナー 1TB 地デジ録画 簡単操作 外付けHDD対応 スタンダードモデル,2B-C10GW1,200000,0
Amazon.co.jp: シャープ 空気清浄機 KI-TX70-W プラズマクラスター NEXT (50000) 浮遊 ・ 付着 ウィルス 花粉 空気浄化,KI-TX75,200000,0
Amazon | シャープ 電話機 コードレス 子機1台付き 詐欺対策機能 見守り機能搭載 JD-AT91CL,JD-AT91CL,200000,0
シャープ 衣類乾燥 除湿機 CV-R71-W コンプレッサー 方式 7.1 L/日 コンパクトタイプ プラズマクラスター 7000 省エネ 部屋干し 消臭,CV-R71-W,200000,0
シャープ(SHARP) ヘルシオ ウォーターオーブン AX-AJ1-B 22L,AX-AJ1,200000,0
Amazon.co.jp: シャープ 19V型 液晶 テレビ AQUOS 2T-C19DE-W ハイビジョン 外付けHDD裏番組録画対応 2021年モデル ホワイト,2T-C19DE-W,200000,0
Amazon.co.jp: シャープ 24V型 液晶 テレビ AQUOS 2T-C24DE-W ハイビジョン 外付けHDD裏番組録画対応 2021年モデル ホワイト,2T-C24DE-W,200000,0
シャープ ヘルシオ ホットクック 電気調理鍋 無水鍋 1.6L 2~4人用 スマホ連携 ホワイト KN-HW16G-W,KN-HW16G,200000,0
Amazon.co.jp: シャープ 32V型 液晶 テレビ AQUOS 2T-C32DE-W ハイビジョン 外付けHDD裏番組録画対応 2021年モデル ホワイト,2T-C32DE-W,200000,0
シャープ 電子 レンジ 単機能 フラット テーブル RE-T171-B ブラック 17L カンタン操作一人暮らし シンプル ヘルツフリー,RE-T171,200000,0
シャープ 空気清浄機 FU-RC01-W プラズマクラスター7000搭載 6畳 寝室 キッチン 玄関 360°下吸込み ナイトライト 花粉対策,FU-RC01-W,200000,0
シャープ AQUOS ブルーレイレコーダー 1TB 2チューナー BD-NW1200,BD-NW1200,200000,0
Amazon | シャープ 電話機 コードレス 子機1台付き 迷惑電話対策機能付き 大きなボタン 聞きやすい大音量 ホワイト系 JD-V39CL,JD-V39CL,200000,0
Amazon.co.jp: シャープ 電子辞書 BRAIN 高校生モデル(6教科対応) PW-SH7-W(ホワイト系) 2020年発売モデル,PW-SH7-W,200000,0
シャープ 電子辞書 BRAIN 高校生モデル(6教科対応) PW-SH7-B(ブラック系) 2020年発売モデル,PW-SH7,200000,0
シャープ ブルーレイディスクレコーダー 2B-C10GW1,2B-C10GW1,200000,0
シャープ シンプル コードレス 電話機 D-SF3CL-W,JD-SF3CL-W,200000,0
シャープ ヘルシオ ホットクック　KN-HW24G-R,KN-HW24G-R,200000,0
シャープテレビ用ワイヤレススピーカー AN-SS2-B,AN-SS2-B,200000,0
シャープ 空気清浄機 FU-RC01-W,FU-RC01-W,200000,0
シャープ 脱臭機 プラズマクラスター  DY-S01-W,DY-S01-W,200000,0
シャープ ウォーターオーブン ヘルシオ AX-AJ1-W,AX-AJ1-W,200000,0
シャープ ホットクック 電気調理鍋  KN-HW10G-W,KN-HW10G-W,200000,0
Amazon.co.jp: シャープ 加湿 空気清浄機 KC-J50C-H プラズマクラスター 7000 薄型デザイン 浮遊ウィルス 花粉 空気浄化 静電気抑制 PM2.5対応 空気清浄 23畳 加湿量500mL グレー,KC-J50C-H,200000,0
シャープ 除湿機 兼 加湿 空気清浄機 KI-RD50-W,ES-WH7A-W,200000,0
シャープ 衣類乾燥 除湿機 CV-R71-W,CV-R71-W,200000,0
シャープ 電話機 コードレス 子機1台付き JD-V39CL,JD-V39CL,200000,0
